0,1,2,3,4,5,6,7,8,9,10,11,12,13,14,15
0.2948,2.466,0.03323,797.8,19.19,16.02,123.8,0.09975,23.24,33.88,0.1459,0.3795,0.1181,40.51,1150.0,0.03299
0.2827,1.67,0.037,464.1,13.5,12.32,86.97,0.09391,12.39,15.64,0.1242,0.236,0.1385,17.43,549.1,0.03987
0.2488,2.552,0.01867,514.5,14.4,12.85,91.63,0.05601,21.37,27.01,0.1838,0.4993,0.09402,41.24,645.8,0.06126
0.2866,3.466,0.09711,685.0,16.35,14.9,125.4,0.2475,22.53,27.57,0.9019,0.253,0.1419,24.19,832.7,0.2733
0.2341,5.632,0.07731,1094.0,21.31,18.61,139.9,0.149,20.25,27.26,0.3446,0.8529,0.1338,93.54,1403.0,0.149
0.1648,21.98,0.1595,2499.0,28.11,28.11,188.5,0.1595,18.47,18.47,0.3201,2.873,0.1142,525.6,2499.0,0.3201
0.3379,1.441,0.01863,443.3,13.67,12.0,87.78,0.07632,15.65,24.9,0.2267,0.2271,0.1377,16.16,567.9,0.04151
0.3591,2.657,0.05598,633.0,15.89,14.25,116.2,0.1447,21.72,30.36,0.5186,0.286,0.1446,24.91,799.6,0.1319
0.2884,3.142,0.03438,565.4,17.98,13.43,116.6,0.116,19.63,29.87,0.2644,0.4697,0.1401,43.4,993.6,0.05858
0.2238,5.144,0.06022,1306.0,24.22,20.48,161.7,0.1445,21.46,26.17,0.3158,0.6874,0.1228,83.5,1750.0,0.09042
0.2654,4.174,0.06553,716.6,18.51,15.08,121.2,0.1526,25.74,33.22,0.4029,0.6534,0.166,63.37,1050.0,0.1235
0.2856,5.82,0.1878,2250.0,33.12,27.22,220.8,0.2688,21.87,32.85,0.534,0.8361,0.1472,128.7,3216.0,0.2871
0.3174,2.569,0.01514,289.1,11.14,9.667,70.88,0.0656,18.49,25.62,0.1277,0.3776,0.1234,22.73,385.2,0.02948
0.3799,4.293,0.1009,1076.0,22.82,18.65,150.6,0.2378,17.6,21.32,0.7345,0.6289,0.1679,71.56,1567.0,0.1974
0.274,2.684,0.02069,407.4,12.97,11.5,83.12,0.06544,18.45,22.46,0.08105,0.3927,0.1183,26.99,508.9,0.02638
0.2522,2.279,0.02957,662.7,16.11,14.62,102.9,0.06946,24.02,29.11,0.09189,0.3721,0.1115,33.76,803.7,0.03102
0.338,1.231,0.0337,513.7,13.74,12.95,88.81,0.1056,16.02,19.93,0.2241,0.2094,0.1483,17.67,585.4,0.06155
0.2465,3.198,0.03791,441.0,13.24,11.94,92.2,0.1155,20.76,27.29,0.2365,0.2742,0.1116,21.91,546.1,0.06574
0.2785,1.52,0.01349,437.6,13.1,11.94,83.67,0.06296,18.24,21.33,0.09203,0.2273,0.1144,17.47,527.2,0.01972
0.1917,1.047,0.006423,481.6,13.34,12.49,84.48,0.02784,16.85,19.71,0.01938,0.1716,0.1104,12.69,544.2,0.004473
0.24,1.831,0.0223,394.1,12.33,11.31,78.0,0.06961,19.04,23.84,0.1444,0.2727,0.129,18.15,466.7,0.03709
0.3518,1.443,0.03152,551.1,15.35,13.46,101.9,0.1427,18.75,25.16,0.2654,0.1998,0.1624,16.07,719.8,0.04201
0.3067,6.146,0.07507,947.8,20.39,17.29,137.9,0.1528,22.13,27.24,0.2298,0.8348,0.1134,90.94,1295.0,0.09697
0.3038,3.014,0.05252,248.7,10.28,9.268,69.05,0.1025,12.87,16.38,0.2099,0.4076,0.1902,20.04,300.2,0.0973
0.2641,18.65,0.1689,2501.0,36.04,27.42,251.2,0.2625,26.27,31.37,0.6833,2.547,0.1357,542.2,4254.0,0.3635
0.2804,2.554,0.03132,420.5,13.32,11.68,86.57,0.09815,16.17,21.59,0.149,0.3713,0.1526,27.57,549.8,0.04279
0.3739,2.427,0.06158,545.2,17.38,13.28,113.1,0.1492,20.28,28.0,0.3664,0.3704,0.153,31.33,907.2,0.09847
0.2227,2.289,0.01875,334.2,10.93,10.51,70.1,0.03125,23.09,24.22,0.04158,0.2868,0.1143,20.56,362.7,0.02495
0.2768,5.865,0.09498,1260.0,27.32,19.81,186.8,0.2388,22.15,30.88,0.5372,0.7582,0.1512,112.4,2398.0,0.1479
0.3103,7.247,0.1237,1670.0,31.01,23.21,206.0,0.2593,26.97,34.51,0.582,1.058,0.1481,155.8,2944.0,0.195
0.232,1.525,0.03157,725.5,17.38,15.27,113.7,0.1035,12.91,15.92,0.2962,0.2134,0.1222,20.0,932.7,0.05892
0.3231,5.004,0.04846,476.7,13.78,12.45,97.82,0.1342,16.41,21.03,0.4896,0.3921,0.1175,30.19,580.6,0.1544
0.6638,3.445,0.1052,386.1,14.91,11.42,98.87,0.2575,20.38,26.5,0.6869,0.4956,0.2098,27.23,567.7,0.2414
0.2689,4.119,0.08941,1335.0,25.37,20.64,166.8,0.2112,17.35,23.17,0.4159,0.6137,0.1562,77.02,1946.0,0.1527
0.2937,1.348,0.01968,321.6,11.38,10.26,73.23,0.06696,12.22,15.65,0.08615,0.1911,0.1343,11.88,394.5,0.01923
0.253,1.954,0.01877,664.9,16.46,14.61,103.7,0.05813,15.69,21.75,0.04746,0.316,0.1011,28.9,840.8,0.01447
0.3163,2.31,0.03876,693.7,16.76,14.99,110.2,0.1308,22.11,31.55,0.3114,0.3186,0.1077,28.51,867.1,0.06859
0.2218,3.425,0.05302,858.1,18.98,16.6,126.7,0.1418,28.08,34.12,0.3403,0.4564,0.1139,48.55,1124.0,0.09251
0.2533,2.747,0.01778,290.2,11.05,9.777,71.68,0.05334,16.99,21.47,0.13,0.403,0.1467,22.87,367.0,0.04334
0.2637,2.028,0.02424,546.1,14.2,13.3,92.94,0.05614,21.57,29.2,0.1212,0.2621,0.114,20.98,621.2,0.03344
0.3019,2.629,0.07041,793.2,18.76,16.03,124.3,0.1981,15.51,21.98,0.4956,0.3371,0.1435,33.27,1070.0,0.1204
0.2346,1.449,0.01723,571.8,14.67,13.64,96.08,0.08586,16.34,23.19,0.105,0.1872,0.1089,14.55,656.7,0.01857
0.2171,1.466,0.005592,446.0,13.07,12.03,82.74,0.02796,17.93,22.25,0.007732,0.2335,0.1013,16.97,523.4,0.001546
0.3138,2.193,0.08353,928.2,19.85,17.3,130.9,0.1857,17.08,25.09,0.3378,0.3093,0.1416,33.63,1222.0,0.1266
0.2349,1.184,0.005159,307.3,11.11,10.03,69.92,0.02579,21.28,28.94,0.01235,0.1851,0.1126,11.6,376.3,0.00247
0.273,2.407,0.1255,1386.0,22.69,21.37,152.1,0.1966,15.1,21.84,0.4024,0.3414,0.1192,39.06,1535.0,0.1932
0.2614,3.132,0.03716,302.4,11.26,9.904,73.07,0.0991,18.06,24.39,0.3486,0.4311,0.1301,27.48,390.2,0.1307
0.2293,1.438,0.005051,461.4,12.85,12.18,81.6,0.01852,14.08,16.47,0.04116,0.2113,0.1001,15.82,513.1,0.01123
0.3681,2.388,0.02421,257.8,10.57,9.295,67.84,0.07262,13.9,17.84,0.09996,0.3538,0.185,19.63,326.6,0.03332
0.1902,1.377,0.02583,372.7,11.35,11.08,72.01,0.04306,14.71,16.82,0.03938,0.2073,0.1216,19.08,396.5,0.02363
0.271,2.652,0.06556,559.2,14.08,13.53,91.36,0.07407,10.94,12.49,0.08539,0.4101,0.1451,32.65,605.5,0.06877
0.21,1.558,0.02733,616.5,15.53,14.11,98.4,0.0589,12.88,18.0,0.05307,0.2571,0.1281,23.92,749.9,0.01765
0.2812,2.547,0.0795,1027.0,21.84,18.22,140.9,0.1776,18.87,25.0,0.3853,0.4041,0.1434,48.9,1485.0,0.113
0.2282,2.63,0.04335,701.9,17.58,15.05,113.8,0.112,19.07,28.06,0.2866,0.386,0.1246,38.49,967.0,0.07486
0.3216,2.819,0.06527,928.3,21.58,17.19,140.5,0.1984,22.07,29.33,0.3889,0.4203,0.1558,45.42,1436.0,0.09061
0.3414,8.419,0.08624,678.1,18.55,14.95,121.4,0.1667,17.57,21.43,0.3355,1.296,0.1411,101.9,971.4,0.1539
0.363,1.933,0.05602,578.9,15.75,13.86,104.4,0.1654,16.93,26.93,0.4636,0.2563,0.146,22.69,750.1,0.09901
0.2383,2.041,0.03068,334.2,11.16,10.51,72.62,0.06136,20.19,22.75,0.1295,0.3336,0.13,19.91,374.4,0.06476
0.3029,3.195,0.05259,684.5,19.07,14.68,123.4,0.1609,20.13,30.88,0.2914,0.4727,0.1464,45.4,1138.0,0.07395
0.3487,1.109,0.01148,418.7,12.61,11.7,80.92,0.05741,19.11,26.55,0.07915,0.1601,0.1223,11.28,483.1,0.01583
0.3147,2.41,0.09601,530.2,16.31,13.11,106.4,0.1986,15.56,22.4,0.6376,0.3908,0.1862,34.66,827.2,0.2071
0.3103,3.27,0.08488,813.7,19.28,16.27,129.8,0.1583,20.71,30.38,0.3597,0.4375,0.159,44.41,1121.0,0.1478
0.3313,2.597,0.0209,509.2,14.45,12.87,95.14,0.06384,19.54,24.38,0.07127,0.3665,0.1214,26.5,626.9,0.01797
0.2298,2.602,0.02054,469.1,13.18,12.34,84.11,0.04793,14.95,16.85,0.04921,0.3833,0.1048,30.15,533.1,0.02109
0.2502,1.976,0.02416,293.2,11.24,9.847,74.32,0.06528,15.68,22.99,0.08434,0.2498,0.1419,15.24,376.5,0.0233
0.2928,3.088,0.07488,951.6,20.42,17.54,139.5,0.1939,19.32,25.84,0.3508,0.3971,0.1381,40.73,1239.0,0.1036
0.2826,1.445,0.02036,496.4,14.2,12.62,90.67,0.118,23.97,31.31,0.3911,0.2449,0.1227,18.51,624.0,0.05438
0.3604,1.546,0.01615,512.2,13.9,12.87,89.27,0.0578,16.21,23.64,0.1992,0.2345,0.1256,18.24,597.5,0.039
0.2549,3.654,0.09431,1214.0,23.73,19.89,160.5,0.1613,20.26,25.23,0.4185,0.5079,0.1417,59.7,1646.0,0.1411
0.2694,1.183,0.0177,458.7,13.34,12.18,84.58,0.07431,20.52,32.84,0.1145,0.1924,0.1123,14.68,547.8,0.02383
0.2409,2.884,0.0,465.4,13.45,12.27,85.08,0.0,29.97,38.05,0.0,0.4455,0.09422,35.13,558.9,0.0
0.2563,2.312,0.0351,536.9,14.8,13.14,100.9,0.1181,20.74,25.46,0.4504,0.3152,0.1351,27.4,689.1,0.1085
0.3313,3.705,0.07944,929.4,23.32,17.2,151.6,0.1899,24.52,33.82,0.6566,0.5907,0.1585,69.47,1681.0,0.1692
0.2615,1.208,0.01216,329.6,11.52,10.44,73.47,0.04464,15.46,19.8,0.02639,0.1913,0.1341,11.86,395.4,0.006643
0.2827,4.795,0.063,656.1,16.46,14.69,114.1,0.1108,13.98,18.34,0.3219,0.5462,0.1312,49.45,809.2,0.145
0.4027,3.498,0.08751,732.4,20.27,15.3,149.3,0.2024,25.27,36.71,0.6335,0.439,0.1641,43.5,1269.0,0.1683
0.2564,2.346,0.02548,504.1,14.19,12.76,92.04,0.08411,13.37,16.4,0.1769,0.3265,0.1194,25.18,618.8,0.04052
0.3105,1.094,0.005917,201.9,8.964,8.196,57.26,0.02564,16.84,21.96,0.0688,0.1563,0.1297,8.205,242.2,0.01588
0.2736,1.592,0.02864,541.8,14.24,13.28,96.59,0.09173,13.72,17.37,0.2866,0.1833,0.1166,15.26,623.7,0.05077
0.3596,2.465,0.0295,514.0,14.42,12.98,99.21,0.09858,19.35,21.95,0.3439,0.2684,0.1288,20.65,634.3,0.07107
0.2651,1.204,0.003261,537.3,14.41,13.2,92.0,0.025,15.82,20.45,0.0112,0.1903,0.1128,15.5,636.9,0.001461
0.306,1.491,0.02594,391.2,12.47,11.34,79.15,0.08542,18.61,23.03,0.1624,0.243,0.1483,18.19,478.6,0.04302
0.2767,0.873,0.01105,541.6,13.94,13.2,88.28,0.0497,17.43,27.82,0.2298,0.163,0.1101,13.56,602.0,0.04336
0.2305,1.955,0.02386,432.0,12.79,11.87,83.51,0.0875,21.54,28.18,0.3218,0.256,0.09457,20.24,507.2,0.08777
0.2506,2.044,0.02456,546.4,15.14,13.27,98.84,0.09678,17.02,23.6,0.1786,0.2927,0.1276,24.68,708.8,0.03554
0.2683,1.534,0.02847,758.6,17.91,15.61,115.9,0.08568,19.38,31.67,0.226,0.2298,0.1084,22.18,988.6,0.04209
0.2407,1.477,0.01499,507.9,13.87,12.77,88.1,0.06498,29.43,36.0,0.08653,0.2409,0.1234,18.76,594.7,0.01997
0.1934,2.132,0.007937,294.5,10.92,9.787,68.81,0.02381,19.94,26.29,0.02049,0.335,0.1316,20.05,366.1,0.006829
0.2849,1.059,0.003125,395.7,12.08,11.32,79.82,0.02083,27.08,33.75,0.1089,0.121,0.09203,8.605,452.3,0.01633
0.2926,1.354,0.01924,230.9,9.628,8.726,64.48,0.105,15.83,19.62,0.2456,0.1665,0.1724,8.966,284.4,0.04132
0.2208,2.475,0.01502,403.1,12.68,11.46,82.69,0.05509,18.16,21.61,0.1226,0.3278,0.1144,22.93,489.8,0.03344
0.228,2.108,0.01149,477.3,13.19,12.46,83.24,0.0268,12.83,16.36,0.01674,0.3276,0.09439,24.6,534.0,0.007173
0.2749,4.115,0.0974,1206.0,25.28,19.73,159.8,0.2507,19.82,25.59,0.8489,0.7661,0.171,92.81,1933.0,0.2417
0.3267,1.954,0.02173,396.0,12.36,11.37,79.29,0.06203,18.89,26.14,0.07529,0.2656,0.1118,17.49,459.3,0.02399
0.2744,1.804,0.04812,575.3,15.14,13.66,101.4,0.1407,19.13,25.5,0.366,0.2244,0.1147,19.36,708.8,0.09657
0.3222,9.807,0.2012,1761.0,26.02,24.25,180.9,0.2248,20.2,23.99,0.5803,1.509,0.1696,233.0,2073.0,0.4268
0.277,2.464,0.09052,805.1,18.55,16.24,126.9,0.1732,18.77,25.09,0.5026,0.2873,0.1365,28.09,1031.0,0.1948
0.2458,2.115,0.0,360.5,11.66,10.86,74.08,0.0,21.48,24.77,0.0,0.3163,0.1001,20.67,412.3,0.0
0.2514,1.171,0.01963,448.6,13.14,12.06,84.08,0.07025,12.74,18.41,0.08636,0.1822,0.1275,13.25,532.8,0.01972
0.3053,2.677,0.04223,641.2,16.67,14.42,111.4,0.1414,16.54,21.51,0.3755,0.3491,0.1294,32.14,862.1,0.08007
0.2191,1.778,0.02978,447.8,12.57,12.05,87.36,0.1092,22.72,28.71,0.2912,0.1194,0.08799,9.549,488.4,0.07943
0.3168,3.926,0.03738,419.8,13.32,11.75,88.91,0.07909,20.18,26.21,0.1956,0.5018,0.1358,38.34,543.9,0.06843
0.3003,9.424,0.08481,803.1,23.17,15.5,157.1,0.2134,21.08,27.65,0.4211,1.37,0.1517,176.5,1748.0,0.1522
0.2268,1.955,0.02822,464.5,13.58,12.34,87.36,0.08194,22.22,28.68,0.1688,0.2949,0.1452,21.55,553.0,0.0537
0.3101,3.717,0.02763,427.3,13.31,11.74,84.7,0.0829,14.02,18.26,0.06735,0.5619,0.1036,37.83,533.7,0.02245
0.2226,1.437,0.02738,321.4,10.84,10.29,69.57,0.09127,27.61,34.91,0.2,0.2199,0.1384,14.46,357.6,0.05999
0.3613,4.585,0.1279,1203.0,23.57,19.69,152.5,0.243,21.25,25.53,0.4504,0.7456,0.1444,94.03,1709.0,0.1974
0.2329,1.628,0.02594,402.9,12.26,11.54,78.78,0.06918,14.44,19.68,0.1797,0.2784,0.1345,20.86,457.8,0.06737
0.3693,1.334,0.05252,531.5,16.23,13.17,105.5,0.1607,21.81,29.89,0.3728,0.1938,0.1503,14.49,740.7,0.08259
0.292,4.037,0.08886,1155.0,21.65,19.4,144.9,0.1564,23.5,30.53,0.3458,0.5243,0.1463,60.41,1417.0,0.2049
0.2593,6.462,0.141,1747.0,30.67,23.51,202.4,0.2089,24.27,30.73,0.4819,1.009,0.1515,164.1,2906.0,0.2308
0.2741,1.036,0.01473,552.4,14.73,13.4,93.76,0.06987,16.95,21.7,0.1364,0.1584,0.1213,13.22,663.5,0.02181
0.2572,1.742,0.03239,420.3,13.01,11.71,84.42,0.1099,17.19,21.39,0.1521,0.2451,0.1323,17.86,521.5,0.03809
0.3196,2.873,0.02645,519.4,14.16,13.0,90.82,0.06296,20.78,24.11,0.08112,0.4202,0.1297,34.78,616.7,0.03136
0.3387,1.101,0.02471,580.6,14.54,13.66,97.96,0.1054,15.15,19.64,0.2569,0.1402,0.1275,11.35,657.0,0.04249
0.2454,3.267,0.01406,278.6,12.02,9.436,75.79,0.05052,18.32,25.02,0.1144,0.5079,0.1333,30.48,439.6,0.0271
0.2909,7.029,0.09561,1290.0,23.24,20.58,158.3,0.192,22.14,27.84,0.3861,0.8601,0.1178,111.7,1656.0,0.164
0.2722,2.177,0.03027,668.6,16.51,14.74,107.4,0.1095,25.42,32.29,0.1611,0.3031,0.106,27.41,826.4,0.04105
0.2535,1.444,0.01393,428.0,13.3,11.84,85.22,0.06913,18.94,24.99,0.1471,0.2222,0.128,17.12,546.3,0.02669
0.3021,4.877,0.106,1033.0,20.6,18.22,135.1,0.1325,18.7,24.13,0.2623,0.8337,0.128,98.81,1321.0,0.1772
0.467,8.83,0.09961,1104.0,24.09,19.07,177.4,0.2493,24.81,33.17,0.7242,0.9811,0.1247,104.9,1651.0,0.2107
0.2806,1.373,0.0188,575.5,15.85,13.68,101.6,0.08704,16.33,20.2,0.1206,0.2047,0.1264,17.25,773.4,0.01752
0.3258,4.061,0.1242,713.3,17.73,15.32,119.8,0.2229,17.27,22.66,0.4429,0.6592,0.1765,59.46,928.8,0.2448
0.3169,1.994,0.02257,378.4,12.02,11.13,77.8,0.06413,22.44,28.26,0.1564,0.28,0.1087,17.85,436.6,0.04824
0.4432,3.909,0.09176,597.8,19.2,13.81,128.5,0.2013,23.75,41.85,0.4646,0.5648,0.2226,52.72,1153.0,0.1558
0.2434,4.277,0.02381,241.0,9.981,8.878,65.27,0.04762,15.49,17.7,0.09441,0.5381,0.1015,30.18,302.0,0.04721
0.2955,2.877,0.05588,394.1,11.86,11.26,78.27,0.09314,19.96,22.33,0.1546,0.4866,0.1028,34.68,437.6,0.09274
0.3063,3.18,0.074,1040.0,22.88,18.25,153.2,0.1932,19.98,27.66,0.3784,0.4467,0.1442,53.91,1606.0,0.1127
0.2597,2.363,0.05941,338.3,10.85,10.57,76.51,0.1465,20.22,22.82,0.603,0.1115,0.1143,7.228,351.9,0.228
0.3196,4.607,0.01967,289.7,11.21,9.742,71.79,0.04589,19.12,23.17,0.02085,0.6965,0.1398,43.52,380.9,0.008934
0.4264,2.11,0.08783,644.8,17.62,14.58,122.4,0.2701,21.53,33.21,0.5539,0.2545,0.1525,21.05,896.9,0.1425
0.301,6.051,0.06431,930.9,22.96,17.08,152.1,0.1555,27.15,34.49,0.2639,0.9291,0.16,115.2,1648.0,0.1007
0.2604,1.345,0.02639,426.0,12.45,11.74,81.25,0.1056,14.69,17.6,0.269,0.1924,0.1073,13.04,473.8,0.06726
0.3549,1.689,0.03088,512.2,14.48,12.9,97.17,0.1012,15.92,21.82,0.209,0.2143,0.1312,16.64,643.8,0.04894
0.2446,2.591,0.02142,561.0,14.8,13.59,97.66,0.06189,21.84,30.04,0.1453,0.338,0.1005,26.76,661.5,0.04072
0.3014,2.497,0.03821,481.9,14.97,12.47,96.05,0.1015,18.6,24.64,0.2671,0.3961,0.1426,30.29,677.9,0.08005
0.2741,7.561,0.1501,1482.0,27.66,22.01,195.0,0.2432,21.9,25.8,0.4756,1.008,0.1294,130.2,2227.0,0.2448
0.3308,2.369,0.02854,389.4,12.58,11.3,87.16,0.1218,18.19,27.96,0.7436,0.2428,0.1347,16.39,472.9,0.1548
0.3695,4.782,0.08795,1075.0,22.93,18.46,152.2,0.1642,18.52,27.68,0.3157,0.6997,0.1398,80.6,1603.0,0.1335
0.2227,2.41,0.02941,451.1,12.83,12.18,82.14,0.05882,17.84,20.92,0.0498,0.3661,0.114,24.44,495.2,0.0249
0.3227,1.102,0.05266,546.3,14.83,13.47,94.94,0.1335,14.06,18.32,0.1848,0.1588,0.1393,12.84,660.2,0.05786
0.4677,1.775,0.02307,857.6,19.18,16.69,127.3,0.08737,20.2,26.56,0.2477,0.2473,0.1009,22.95,1084.0,0.03649
0.39,1.897,0.0734,534.6,15.67,13.17,102.8,0.2088,18.66,27.95,0.5006,0.2871,0.1786,24.25,759.4,0.1226
0.2356,2.056,0.0207,602.9,16.41,13.9,104.4,0.0815,19.24,26.42,0.1673,0.3316,0.1064,28.41,830.5,0.02995
0.4601,8.589,0.1471,1001.0,25.38,17.99,184.6,0.2654,10.38,17.33,0.7119,1.095,0.1622,153.4,2019.0,0.3001
0.2572,5.203,0.09791,1261.0,23.69,20.13,155.0,0.1628,28.25,38.25,0.3215,0.7655,0.1166,99.04,1731.0,0.144
0.4724,3.534,0.06462,610.7,16.86,14.19,115.0,0.1772,23.81,34.85,0.3744,0.4207,0.1559,31.0,811.3,0.1115
0.2121,3.212,0.04391,485.8,13.37,12.56,89.02,0.09265,19.07,22.43,0.2388,0.3602,0.1096,27.49,547.4,0.103
0.3176,11.07,0.1118,1123.0,20.96,19.17,151.7,0.1767,24.8,29.94,0.3639,0.9555,0.1037,116.2,1332.0,0.2065
0.3105,1.218,0.0,288.5,10.62,9.738,66.53,0.0,11.97,14.1,0.0,0.1988,0.1234,12.26,342.9,0.0
0.2826,2.302,0.01201,336.1,11.54,10.49,74.22,0.03203,19.29,23.31,0.07987,0.355,0.1219,23.13,402.8,0.02995
0.3206,1.817,0.05814,1041.0,21.31,18.31,139.2,0.1571,18.58,26.36,0.3538,0.2577,0.1234,28.92,1410.0,0.08169
0.2841,5.216,0.05627,1138.0,22.32,19.0,148.2,0.1218,18.91,25.73,0.3207,0.6896,0.1021,81.23,1538.0,0.09271
0.259,1.263,0.007246,378.2,12.68,11.06,80.79,0.05556,14.83,20.35,0.2079,0.1855,0.112,12.98,496.7,0.02712
0.302,2.564,0.02218,333.6,12.13,10.48,81.41,0.0931,14.98,21.57,0.2939,0.3276,0.1327,20.77,440.4,0.06335
0.2382,1.614,0.034,504.8,14.04,12.86,92.8,0.1155,13.32,21.08,0.1791,0.2212,0.1547,16.57,599.5,0.038
0.4882,3.357,0.05596,982.0,20.58,17.95,129.2,0.1185,20.01,27.83,0.2249,0.5506,0.1072,54.04,1261.0,0.07293
0.2383,1.471,0.02864,502.5,13.46,12.78,85.67,0.05882,16.49,19.76,0.1039,0.2368,0.1296,18.33,554.9,0.03653
0.2455,1.471,0.02791,666.0,16.46,14.64,106.0,0.07828,16.85,25.44,0.2437,0.2204,0.1142,19.98,831.0,0.05192
0.2699,1.277,0.01111,340.9,10.94,10.57,69.35,0.02222,18.32,23.31,0.03986,0.1818,0.09794,13.12,366.3,0.01993
0.2806,2.155,0.03485,412.5,13.14,11.64,85.51,0.1218,18.33,29.26,0.2873,0.306,0.1688,20.62,521.7,0.0707
0.2556,2.204,0.02799,467.8,12.88,12.4,89.61,0.0737,17.68,22.91,0.2403,0.1767,0.145,15.43,515.8,0.07741
0.3218,1.874,0.02027,458.4,14.29,12.21,93.85,0.08829,18.02,24.04,0.2413,0.2527,0.1368,18.57,624.6,0.04392
0.2136,1.606,0.02652,606.5,14.91,14.02,96.53,0.08216,15.66,19.31,0.0626,0.2142,0.1034,19.25,688.9,0.02087
0.2747,1.848,0.02749,449.3,13.76,12.05,89.88,0.06548,14.63,20.7,0.305,0.2636,0.1494,19.87,582.6,0.06592
0.3706,3.854,0.1028,798.8,20.96,16.13,136.8,0.2073,20.68,31.48,0.4784,0.5692,0.1789,54.18,1315.0,0.1722
0.2258,2.224,0.03736,657.1,15.48,14.59,105.9,0.1105,22.68,27.27,0.3662,0.2254,0.1026,19.54,733.5,0.1029
0.2954,2.276,0.0378,684.5,16.41,15.0,114.2,0.1379,15.51,19.31,0.3402,0.2318,0.1136,19.88,808.2,0.06505
0.3301,1.355,0.03341,373.9,11.92,11.06,79.76,0.1075,14.96,19.9,0.2299,0.1601,0.1418,10.8,440.0,0.05397
0.2901,0.757,0.01108,476.5,13.2,12.42,83.85,0.04052,15.04,20.37,0.06243,0.1153,0.1037,9.006,543.4,0.01053
0.206,7.673,0.1389,1479.0,25.45,21.56,166.1,0.2216,22.39,26.4,0.4107,1.176,0.141,158.7,2027.0,0.2439
0.2157,2.569,0.02757,392.0,12.04,11.27,79.73,0.08272,15.5,18.93,0.3021,0.3305,0.1102,22.97,450.0,0.1007
0.2404,4.099,0.02377,449.9,13.6,12.04,87.24,0.05547,28.14,33.33,0.05524,0.6061,0.1041,44.96,567.6,0.02367
0.2663,2.829,0.02344,590.0,15.01,13.75,98.0,0.06106,23.77,26.34,0.1359,0.4347,0.09368,39.93,706.0,0.04697
0.3244,1.961,0.01313,417.2,12.44,11.6,81.39,0.04815,24.49,31.62,0.07239,0.2512,0.09545,18.21,476.5,0.01974
0.3057,2.275,0.005769,286.3,11.15,9.668,71.11,0.025,18.1,24.62,0.06409,0.3416,0.1388,20.98,380.2,0.01479
0.3444,5.574,0.1244,1088.0,23.15,18.63,160.5,0.1848,25.11,34.01,0.6133,0.8307,0.1491,105.0,1670.0,0.2319
0.2335,1.683,0.01238,572.3,15.5,13.59,98.91,0.05185,17.84,26.1,0.106,0.258,0.105,22.22,739.1,0.01997
0.2822,4.303,0.08632,1404.0,29.17,21.16,188.0,0.2009,23.04,35.59,0.3155,0.6917,0.1401,93.99,2615.0,0.1097
0.3379,3.797,0.08591,1169.0,25.7,19.45,163.1,0.1999,19.33,24.57,0.4317,0.5959,0.1497,71.0,1972.0,0.1379
0.3437,2.406,0.05189,766.6,20.11,15.7,129.3,0.1541,20.31,32.82,0.2902,0.3699,0.1414,40.98,1269.0,0.06593
0.1859,2.235,0.009937,585.9,15.27,13.78,97.9,0.03312,15.79,17.5,0.03517,0.3563,0.1072,29.34,706.6,0.01055
0.2677,2.097,0.02534,462.0,13.13,12.21,87.65,0.0914,14.09,19.29,0.3076,0.2666,0.1026,19.96,529.9,0.06839
0.3277,10.12,0.1377,773.5,19.85,15.66,143.7,0.2462,23.2,31.64,0.6181,1.292,0.1504,138.5,1226.0,0.3176
0.3792,3.564,0.06606,781.0,20.42,15.78,136.5,0.181,17.89,27.28,0.3965,0.5058,0.1396,54.16,1299.0,0.09954
0.2445,3.167,0.0,234.3,10.17,8.734,64.01,0.0,16.84,22.8,0.0,0.5169,0.146,28.85,317.0,0.0
0.321,1.303,0.01777,412.7,12.77,11.6,82.68,0.08288,18.36,24.02,0.186,0.1816,0.1342,12.89,495.1,0.03367
0.4045,5.173,0.1103,1194.0,22.75,19.68,157.6,0.2255,21.68,34.66,0.4734,0.6226,0.1218,67.66,1540.0,0.1863
0.2757,1.215,0.01667,279.6,10.51,9.567,65.74,0.07222,15.91,19.16,0.07161,0.2152,0.1504,12.64,335.9,0.01652
0.2894,4.895,0.08665,1077.0,22.25,18.66,145.4,0.1674,17.12,24.9,0.3272,0.7128,0.1503,90.47,1549.0,0.1457
0.2505,1.721,0.002924,489.0,13.5,12.58,85.56,0.008772,18.4,23.08,0.005579,0.2719,0.1038,22.45,564.1,0.00186
0.2792,4.533,0.05943,813.0,19.92,16.11,129.0,0.1216,18.05,25.27,0.2802,0.7049,0.1314,74.08,1233.0,0.09447
0.2639,2.393,0.0398,512.2,14.39,12.89,105.0,0.1561,14.11,17.7,0.7727,0.2025,0.1254,16.35,639.1,0.1374
0.3651,2.974,0.06759,595.9,16.01,13.82,106.0,0.1521,24.49,32.94,0.3381,0.4751,0.1794,39.05,788.0,0.1357
0.2727,3.021,0.03003,432.8,13.15,11.9,86.26,0.06042,14.65,16.51,0.0942,0.3962,0.1424,25.03,509.6,0.0371
0.1978,4.138,0.03515,431.1,13.36,11.76,85.1,0.0716,18.14,23.39,0.0612,0.645,0.1137,49.11,553.6,0.02685
0.275,3.398,0.07017,1326.0,24.99,20.57,158.8,0.186,17.77,23.41,0.2416,0.5435,0.1238,74.08,1956.0,0.0869
0.2725,2.644,0.02944,611.2,15.66,14.04,101.2,0.07453,15.98,21.58,0.1117,0.3892,0.1195,32.74,750.0,0.03534
0.2779,1.778,0.02315,506.3,14.24,12.86,91.88,0.07926,18.0,24.82,0.1731,0.2655,0.1289,20.35,622.1,0.03889
0.3689,4.554,0.08683,1264.0,24.22,20.26,156.1,0.1573,23.03,31.59,0.4098,0.7576,0.119,87.87,1750.0,0.1465
0.246,1.649,0.01796,442.7,13.8,11.93,87.64,0.06876,10.91,20.14,0.1514,0.2522,0.1374,18.95,589.5,0.02606
0.2226,1.667,0.01896,603.4,15.33,14.03,98.27,0.07963,21.25,30.28,0.06231,0.2589,0.1287,22.07,715.5,0.01462
0.2894,1.778,0.01775,310.8,11.16,10.05,71.98,0.06499,17.53,26.84,0.1055,0.2619,0.1402,16.85,384.0,0.02511
0.2048,1.223,0.028,553.5,14.26,13.37,91.99,0.08978,16.39,22.75,0.3308,0.1639,0.1025,14.66,632.1,0.08092
0.2438,2.0,0.02008,438.6,13.67,11.93,87.54,0.07247,21.53,26.15,0.1503,0.3118,0.15,24.79,583.0,0.03328
0.2955,1.83,0.03711,587.4,14.98,13.85,98.37,0.09993,15.18,21.74,0.1456,0.2479,0.1185,19.41,670.0,0.04479
0.3024,1.493,0.02377,516.4,13.88,12.91,90.81,0.08235,16.33,22.0,0.1764,0.1942,0.1097,15.75,600.6,0.03873
0.3589,4.603,0.09702,1686.0,28.01,23.27,184.2,0.2346,22.04,28.22,0.3948,0.6642,0.1228,97.85,2403.0,0.1324
0.3672,3.528,0.07593,1162.0,24.15,19.27,161.4,0.1785,26.47,30.9,0.6091,0.5558,0.1509,68.17,1813.0,0.1657
0.1603,3.767,0.06597,948.0,18.07,17.42,120.4,0.1099,25.56,28.07,0.2803,0.5296,0.1243,58.53,1021.0,0.1682
0.2447,1.516,0.01945,442.5,13.09,12.0,85.07,0.07116,28.23,37.88,0.1811,0.1912,0.1208,13.86,523.7,0.04055
0.2852,3.271,0.03562,689.5,16.25,14.95,107.1,0.08405,18.77,25.47,0.25,0.422,0.0997,39.43,809.7,0.0905
0.3321,2.45,0.09029,668.3,17.31,14.78,114.6,0.1614,23.94,33.39,0.3024,0.3577,0.1648,35.24,925.1,0.1267
0.3207,2.397,0.01883,525.2,14.13,12.96,96.31,0.06608,18.29,24.61,0.1604,0.2357,0.09329,20.21,621.9,0.04057
0.3215,2.642,0.04562,477.4,15.65,12.34,101.7,0.1459,26.86,39.34,0.4425,0.4053,0.1785,34.44,768.9,0.1085
0.339,1.107,0.008907,409.1,12.34,11.54,81.23,0.04715,10.72,12.87,0.08324,0.1312,0.1092,9.438,467.8,0.01367
0.209,1.126,0.01698,357.6,11.6,10.8,73.66,0.04603,9.71,12.02,0.1047,0.1728,0.1436,11.48,414.0,0.02531
0.3068,2.563,0.05246,602.4,16.39,13.96,108.1,0.1374,17.05,22.07,0.3209,0.425,0.1512,35.74,826.0,0.09789
0.323,1.696,0.05074,485.6,14.38,12.65,95.29,0.1407,18.17,22.15,0.3582,0.2324,0.1533,18.4,633.7,0.08017
0.2576,5.383,0.1021,1174.0,20.82,19.55,142.0,0.1825,23.21,30.44,0.3829,0.6107,0.1251,70.1,1313.0,0.1856
0.2983,0.8484,0.01921,466.7,13.29,12.36,85.56,0.08442,18.54,27.49,0.1937,0.1199,0.1184,9.227,544.1,0.02643
0.369,7.222,0.1913,2010.0,33.13,25.73,229.3,0.2756,17.46,23.58,0.6451,0.9948,0.153,153.1,3234.0,0.3368
0.3216,2.805,0.1097,736.9,18.79,15.46,125.0,0.1827,11.89,17.04,0.583,0.4209,0.1531,44.64,1102.0,0.2032
0.2809,2.903,0.05364,782.7,16.84,15.85,112.0,0.1119,23.95,27.66,0.2322,0.4033,0.1131,36.58,876.5,0.09938
0.2972,2.493,0.009259,221.8,9.565,8.598,62.06,0.02778,20.98,27.04,0.09001,0.3582,0.1639,18.39,273.9,0.03
0.2525,1.612,0.02877,673.7,16.31,14.86,102.3,0.07971,16.94,20.54,0.122,0.3028,0.1218,23.92,777.5,0.03346
0.353,3.999,0.1203,899.3,20.88,17.02,136.1,0.1847,23.98,32.09,0.5588,0.6009,0.1634,67.78,1344.0,0.2417
0.2636,1.661,0.01374,633.1,16.22,14.26,105.8,0.0753,18.17,25.26,0.1565,0.23,0.09445,20.56,819.7,0.02475
0.2557,1.143,0.06211,747.2,17.01,15.73,112.5,0.1452,11.28,14.2,0.4004,0.163,0.1541,13.87,854.3,0.1191
0.2833,8.867,0.1088,1491.0,28.19,21.75,195.9,0.1841,20.99,28.18,0.5807,1.167,0.1272,156.8,2384.0,0.2195
0.2964,1.822,0.05669,371.1,12.84,10.95,87.22,0.1424,21.35,35.34,0.4023,0.2366,0.1909,16.97,514.0,0.1044
0.253,1.996,0.03731,575.3,14.85,13.64,94.11,0.09222,15.6,19.05,0.1533,0.3242,0.1278,27.19,683.4,0.04705
0.2868,2.747,0.01071,321.2,11.48,10.2,75.4,0.03571,17.48,24.47,0.1925,0.3567,0.09527,22.79,403.7,0.05774
0.348,2.844,0.05613,809.8,19.47,16.16,129.7,0.1312,21.54,31.68,0.2992,0.4332,0.1395,43.68,1175.0,0.1043
0.3585,2.989,0.08923,682.5,18.81,14.87,127.1,0.2027,16.67,27.37,0.4704,0.4266,0.1878,41.18,1095.0,0.169
0.3245,3.123,0.1198,994.0,20.8,17.91,149.6,0.1964,21.02,27.78,0.9034,0.403,0.1873,41.51,1304.0,0.3189
0.2733,1.164,0.02755,388.0,12.32,11.29,78.27,0.0875,13.04,16.18,0.1275,0.1904,0.1358,13.17,457.5,0.03265
0.4761,3.475,0.05182,440.6,16.82,11.84,119.4,0.1546,18.7,28.12,0.6956,0.4825,0.1637,41.0,888.7,0.1218
0.2666,1.513,0.05381,558.1,14.8,13.51,97.33,0.1453,18.89,27.2,0.3438,0.2136,0.1428,19.29,675.2,0.0858
0.3071,2.495,0.02995,493.8,14.45,12.75,93.63,0.08045,16.7,21.74,0.1423,0.3834,0.1475,28.62,624.1,0.0388
0.23,1.806,0.007875,355.3,11.95,10.75,77.79,0.03413,14.97,20.72,0.09755,0.2525,0.1076,17.74,441.2,0.02251
0.3206,1.393,0.02157,416.2,13.35,11.67,87.0,0.0812,20.02,28.81,0.2758,0.2067,0.155,15.34,550.6,0.042
0.3151,3.814,0.07064,651.9,16.34,14.64,109.4,0.1397,15.24,18.24,0.2604,0.5115,0.1277,42.76,803.6,0.09966
0.2687,2.326,0.01256,538.7,14.5,13.16,95.29,0.04195,20.54,28.46,0.07698,0.3237,0.1118,26.07,648.3,0.018
0.3455,2.079,0.02653,466.1,14.1,12.27,89.0,0.09532,17.92,28.88,0.1377,0.3342,0.124,25.79,610.2,0.03211
0.3512,1.903,0.08399,744.9,18.49,15.53,126.3,0.2014,33.56,49.54,0.5703,0.2419,0.1883,23.02,1035.0,0.1751
0.4098,4.414,0.1496,1311.0,26.68,21.09,176.5,0.2903,26.57,33.48,0.678,0.6298,0.1491,81.46,2089.0,0.2487
0.2362,1.737,0.02088,593.7,15.11,13.87,96.74,0.05556,16.21,25.58,0.05285,0.2543,0.1153,20.74,694.4,0.01502
0.2968,7.237,0.1062,1217.0,25.93,19.53,171.1,0.198,18.9,26.24,0.6121,1.111,0.1495,133.0,2053.0,0.2197
0.2878,1.66,0.01504,269.4,10.41,9.465,67.03,0.06517,21.01,31.56,0.09412,0.2351,0.1548,14.2,330.7,0.02172
0.2527,3.479,0.02771,880.2,18.22,16.84,120.3,0.08436,19.46,28.07,0.1882,0.4789,0.08774,46.61,1032.0,0.0515
0.2994,1.572,0.02031,563.0,15.93,13.44,102.5,0.1112,21.58,30.25,0.2085,0.2385,0.1094,20.53,787.9,0.0311
0.251,4.851,0.09183,1068.0,22.75,18.49,146.4,0.1663,17.52,22.88,0.3533,0.7923,0.1412,95.77,1600.0,0.1491
0.1988,2.668,0.04083,508.3,13.74,12.8,90.72,0.08296,17.46,21.06,0.1901,0.3639,0.09534,30.57,591.0,0.0739
0.1566,2.041,0.0,386.0,11.92,11.2,75.19,0.0,29.37,38.3,0.0,0.3141,0.09267,22.81,439.6,0.0
0.1901,2.487,0.01699,477.3,12.9,12.43,81.76,0.02832,17.0,20.21,0.02237,0.3778,0.08409,31.16,515.9,0.01342
0.3109,3.766,0.06847,1075.0,22.52,18.45,145.6,0.1379,21.91,31.39,0.3965,0.5959,0.1465,68.35,1590.0,0.1153
0.3993,2.244,0.06462,761.3,19.56,15.75,125.9,0.1479,20.25,30.29,0.3976,0.3473,0.1552,32.19,1088.0,0.1147
0.23,1.146,0.04563,819.8,17.32,16.3,109.8,0.1357,15.7,17.76,0.1947,0.2067,0.1354,20.67,928.2,0.05526
0.2679,1.392,0.01339,599.4,15.14,13.9,101.2,0.06222,16.62,21.8,0.1384,0.1555,0.09384,14.03,718.9,0.02224
0.2592,1.435,0.0,227.2,9.262,8.671,58.36,0.0,14.45,17.04,0.0,0.2204,0.1162,11.36,259.2,0.0
0.3956,3.055,0.08271,1076.0,24.56,19.02,152.9,0.1956,24.59,30.41,0.5755,0.5495,0.1249,57.65,1623.0,0.1468
0.271,2.155,0.0,349.6,11.54,10.66,73.2,0.0,15.15,19.2,0.0,0.3309,0.1076,21.98,408.3,0.0
0.2779,2.225,0.01638,431.9,13.45,11.8,86.0,0.05356,17.26,24.49,0.1449,0.3438,0.1244,25.06,562.0,0.02853
0.2473,1.539,0.03275,538.4,14.37,13.21,92.48,0.07958,28.06,37.17,0.1062,0.2351,0.1072,17.85,629.6,0.02987
0.306,3.061,0.08824,991.7,21.08,17.99,138.1,0.1974,20.66,25.41,0.3301,0.4537,0.1482,49.81,1349.0,0.1201
0.2991,1.144,0.003472,246.3,9.699,9.0,60.9,0.01389,14.4,20.07,0.01472,0.1746,0.09861,9.789,285.5,0.003681
0.3292,1.959,0.007583,387.3,11.98,11.22,76.91,0.02022,19.86,25.78,0.01335,0.2976,0.1424,19.62,436.1,0.005006
0.251,7.733,0.08465,1546.0,30.75,21.71,199.5,0.182,17.25,26.44,0.2861,1.207,0.1363,224.1,3143.0,0.1168
0.266,3.027,0.05564,408.8,13.36,11.62,88.14,0.1416,18.18,25.4,0.3186,0.4101,0.178,27.85,528.1,0.102
0.25,3.283,0.05736,928.8,20.38,17.27,132.8,0.1739,25.42,35.46,0.5036,0.51,0.1436,58.38,1284.0,0.1204
0.3343,1.809,0.0555,386.3,12.84,11.27,84.93,0.1318,12.96,20.53,0.2247,0.2562,0.161,16.04,476.1,0.079
0.2664,1.686,0.02929,406.3,12.65,11.52,80.88,0.09608,14.93,21.19,0.1804,0.2562,0.1389,18.62,491.8,0.04328
0.2977,2.058,0.04781,566.3,15.11,13.54,99.7,0.1288,14.36,19.26,0.239,0.2699,0.144,23.56,711.2,0.06664
0.3322,1.243,0.02168,203.9,9.092,8.219,58.08,0.07879,20.7,29.72,0.5381,0.1935,0.163,10.21,249.8,0.1321
0.3077,4.706,0.1322,1308.0,24.3,20.55,160.2,0.2148,20.86,25.48,0.4433,0.6986,0.1268,87.78,1809.0,0.2085
0.3113,2.59,0.05603,512.0,14.19,13.05,94.22,0.1258,18.59,24.85,0.2573,0.3106,0.1343,21.57,591.2,0.09603
0.2688,1.826,0.03221,686.9,17.18,14.92,112.0,0.1147,14.93,18.22,0.3151,0.2446,0.1065,23.31,906.6,0.05539
0.3101,1.234,0.0228,432.7,13.06,11.85,84.35,0.0914,17.46,25.75,0.1316,0.207,0.1369,13.88,517.8,0.02688
0.2989,1.517,0.01952,295.4,10.42,9.876,67.08,0.05588,17.27,23.22,0.06213,0.2137,0.1415,12.33,331.6,0.01756
0.2941,1.567,0.01969,404.9,12.4,11.49,82.04,0.07431,14.59,21.9,0.2596,0.2034,0.1352,14.34,467.6,0.05308
0.3585,3.093,0.08172,556.7,16.41,13.4,113.3,0.2051,20.52,29.66,0.5106,0.3906,0.1574,33.67,844.4,0.1445
0.2845,3.369,0.02833,542.9,15.44,13.24,115.0,0.1357,20.13,25.5,0.6556,0.281,0.1201,23.81,733.5,0.101
0.3157,7.05,0.1471,1841.0,29.92,24.63,205.7,0.2475,21.6,26.93,0.4658,0.9915,0.1342,139.9,2642.0,0.231
0.2475,3.618,0.0,271.3,10.49,9.423,66.5,0.0,27.88,34.24,0.0,0.5375,0.1073,29.11,330.6,0.0
0.2582,3.176,0.05303,493.1,15.05,12.88,99.31,0.1096,18.22,24.37,0.1246,0.4426,0.1456,34.37,674.7,0.04825
0.2609,4.218,0.07785,1293.0,24.31,20.44,161.2,0.1765,21.78,26.37,0.2702,0.5781,0.1327,72.44,1780.0,0.09799
0.31,1.577,0.01261,466.5,14.17,12.25,92.74,0.06335,22.44,31.99,0.123,0.2239,0.1256,18.04,622.9,0.01714
0.3151,2.587,0.09333,1288.0,24.33,20.31,162.3,0.1697,27.06,39.16,0.3788,0.3977,0.1522,52.34,1844.0,0.1519
0.3613,5.455,0.0917,904.6,26.46,16.65,177.0,0.2095,21.38,31.56,0.4695,0.8068,0.1805,102.6,2215.0,0.1525
0.3698,2.735,0.08123,656.9,17.87,14.71,115.7,0.1834,21.59,30.7,0.3587,0.4226,0.1368,40.09,985.5,0.1293
0.2872,2.759,0.01257,271.2,10.85,9.405,68.73,0.0377,21.7,31.24,0.06141,0.4302,0.1526,25.17,359.4,0.02047
0.347,1.752,0.03085,572.6,16.89,13.61,113.2,0.1329,24.69,35.64,0.3796,0.231,0.1471,19.83,848.7,0.05285
0.3251,5.353,0.07762,1007.0,21.53,18.01,143.4,0.1489,20.56,26.06,0.2544,0.7548,0.1309,89.74,1426.0,0.117
0.5774,2.281,0.07415,432.0,13.74,11.8,91.93,0.1865,16.58,26.38,0.4504,0.3197,0.1385,24.72,591.7,0.1659
0.3187,2.615,0.0389,656.4,16.22,14.47,113.5,0.1205,24.99,31.73,0.404,0.2542,0.134,23.11,808.9,0.1009
0.2762,2.077,0.02233,401.5,13.11,11.45,84.53,0.06127,20.97,32.16,0.1755,0.3251,0.1557,24.62,525.1,0.04591
0.2213,1.035,0.0178,334.3,11.06,10.49,70.76,0.06528,18.61,24.54,0.08423,0.1485,0.1413,10.08,375.4,0.02297
0.2272,4.36,0.06602,651.0,15.77,14.41,101.7,0.1021,19.73,22.13,0.222,0.8811,0.09983,77.11,767.3,0.1362
0.2756,4.655,0.07953,955.1,20.01,17.57,134.9,0.1456,15.05,19.52,0.2489,0.6003,0.1255,61.1,1227.0,0.09875
0.216,7.337,0.1043,984.6,23.14,17.47,155.3,0.1721,24.68,32.33,0.489,1.088,0.1376,122.3,1660.0,0.2159
0.2355,7.382,0.1845,1878.0,30.0,25.22,211.7,0.2867,24.91,33.62,0.6476,0.8973,0.1573,120.0,2562.0,0.3339
0.2694,1.4,0.01117,562.1,14.69,13.46,97.11,0.05781,28.21,35.63,0.07934,0.1689,0.1108,14.91,680.6,0.01271
0.2478,3.149,0.0444,422.9,13.5,11.75,88.52,0.101,17.56,27.98,0.1366,0.4384,0.1349,30.66,552.3,0.05282
0.2972,2.203,0.03745,466.1,13.83,12.36,91.46,0.1205,21.8,30.5,0.2434,0.2978,0.1304,20.95,574.7,0.06015
0.2439,2.595,0.004167,527.2,14.23,13.05,90.24,0.01111,19.31,22.25,0.001845,0.404,0.1021,32.96,624.1,0.000692
0.4066,7.276,0.1401,912.7,22.25,17.14,152.4,0.255,16.4,21.4,0.3853,1.046,0.1545,111.4,1461.0,0.2229
0.3294,7.804,0.128,1247.0,23.68,20.09,158.8,0.1923,23.86,29.43,0.4932,1.072,0.1347,130.8,1696.0,0.2283
0.2556,2.075,0.07483,728.2,16.43,15.37,107.5,0.1476,22.76,25.84,0.2846,0.3129,0.1257,29.44,830.9,0.1122
0.3113,1.484,0.02331,460.3,13.59,12.25,86.6,0.08211,17.94,25.22,0.1943,0.22,0.1217,16.51,564.2,0.03885
0.3179,1.602,0.06463,599.5,17.04,13.98,113.9,0.1827,19.62,30.8,0.4069,0.2208,0.1613,18.85,869.3,0.1126
0.238,1.391,0.02563,568.9,15.34,13.65,99.71,0.08056,13.16,16.35,0.1759,0.2102,0.1311,17.4,706.2,0.03888
0.4218,2.879,0.07364,658.8,17.46,14.54,124.1,0.1712,27.54,37.13,0.7026,0.37,0.1678,32.55,943.2,0.1639
0.2849,2.284,0.03783,571.0,15.11,13.71,99.43,0.1284,18.68,25.63,0.1935,0.3191,0.1425,26.45,701.9,0.05385
0.3,3.591,0.08878,671.4,16.08,14.86,118.6,0.1727,23.21,27.78,0.4589,0.2796,0.1316,25.2,784.7,0.1697
0.4055,10.05,0.1823,1509.0,28.4,22.27,206.8,0.291,19.67,28.01,0.9608,1.215,0.1701,170.0,2360.0,0.4264
0.2698,1.895,0.06139,629.8,15.29,14.27,104.3,0.1362,22.55,34.27,0.4234,0.2027,0.138,18.54,728.3,0.1463
0.3409,1.497,0.01615,347.0,12.25,10.65,77.98,0.06136,25.22,35.19,0.1125,0.2497,0.1499,16.64,455.7,0.02379
0.281,4.129,0.06576,886.3,20.05,16.78,130.7,0.1474,18.8,26.3,0.2318,0.599,0.1168,67.34,1260.0,0.08422
0.278,1.318,0.04268,366.5,11.69,11.06,76.08,0.09514,17.12,20.74,0.1256,0.1779,0.1662,12.3,411.1,0.04063
0.2731,2.225,0.01162,421.0,13.28,11.66,83.61,0.04262,17.07,19.74,0.03046,0.3534,0.09958,26.03,542.5,0.008306
0.2433,2.635,0.01115,427.9,12.98,11.76,82.98,0.03715,21.6,25.72,0.05523,0.4062,0.1085,28.47,516.5,0.01657
0.248,4.206,0.1121,1320.0,23.86,20.59,163.2,0.2113,21.24,30.76,0.5179,0.5904,0.1464,75.09,1760.0,0.2188
0.2911,1.489,0.006434,386.8,12.36,11.22,78.44,0.03002,33.81,41.78,0.02318,0.2239,0.09994,15.46,470.9,0.004967
0.3297,0.9975,0.0239,507.6,13.86,12.94,89.69,0.08388,16.17,23.02,0.181,0.1458,0.1172,11.36,580.9,0.03296
0.2933,2.68,0.002404,317.5,11.87,10.08,75.39,0.01042,15.11,21.18,0.00692,0.4245,0.1521,26.43,437.0,0.001597
0.3074,3.218,0.09451,1052.0,21.86,18.31,142.2,0.151,20.58,26.2,0.3759,0.5449,0.1492,67.36,1493.0,0.1569
0.2841,1.75,0.01407,289.9,10.75,9.742,68.09,0.05159,15.67,20.88,0.04043,0.2684,0.1467,16.39,355.2,0.01103
0.3006,1.195,0.03078,506.9,14.09,12.83,93.22,0.09783,15.73,19.35,0.3476,0.1499,0.1326,11.64,605.8,0.05835
0.2268,4.542,0.1155,1384.0,25.68,21.1,168.2,0.228,20.52,32.07,0.4399,0.6643,0.1368,81.89,2022.0,0.1572
0.2685,2.579,0.03099,471.3,13.46,12.46,88.13,0.07625,19.89,23.07,0.1904,0.3642,0.105,28.32,551.3,0.0683
0.2823,1.479,0.01917,582.7,14.67,13.77,94.17,0.05802,13.27,16.93,0.03732,0.2191,0.117,17.74,661.1,0.01063
0.2803,2.158,0.04531,406.4,12.98,11.69,86.12,0.1308,24.44,32.19,0.1395,0.2957,0.1768,20.95,487.7,0.04515
0.4863,3.008,0.06018,869.5,20.01,16.74,133.5,0.1813,21.59,29.02,0.5409,0.4615,0.1563,45.19,1229.0,0.1348
0.2983,1.069,0.0151,221.3,9.473,8.571,63.3,0.08512,13.1,18.45,0.1754,0.1267,0.1641,7.254,275.6,0.02565
0.2251,3.018,0.02932,370.0,12.4,10.94,82.76,0.07887,18.59,25.58,0.1412,0.3796,0.1363,25.78,472.4,0.04944
0.2853,3.002,0.08811,920.6,22.51,17.46,141.2,0.2066,39.28,44.87,0.3241,0.5366,0.1365,49.0,1408.0,0.1417
0.3198,4.667,0.162,1685.0,25.12,23.29,177.0,0.2733,26.67,32.68,0.7892,0.5539,0.1536,83.16,1986.0,0.3523
0.3305,2.765,0.1149,1192.0,22.63,19.79,148.7,0.1732,25.12,33.58,0.5673,0.4953,0.1275,63.33,1589.0,0.2545
0.2606,2.143,0.06495,644.2,15.8,14.53,103.1,0.1069,13.98,16.93,0.1373,0.306,0.1347,25.7,749.9,0.06895
0.2452,2.577,0.02837,933.1,19.85,17.35,128.2,0.08235,23.06,31.47,0.1211,0.4007,0.124,44.41,1218.0,0.02891
0.5558,4.012,0.1504,1264.0,25.3,20.34,171.1,0.2685,21.51,31.86,0.5344,0.5702,0.1592,69.06,1938.0,0.2565
0.2676,1.143,0.02875,399.8,12.32,11.43,79.93,0.08476,15.39,22.02,0.1399,0.1759,0.119,12.67,462.0,0.03503
0.2622,1.528,0.03029,298.3,10.76,9.876,72.22,0.09749,19.4,26.83,0.2644,0.1803,0.1559,11.77,361.2,0.06154
0.3035,1.253,0.02369,480.1,14.06,12.47,92.82,0.1053,17.31,24.34,0.2028,0.1532,0.1276,11.91,607.3,0.03609
0.2932,1.553,0.0,143.5,7.93,6.981,50.41,0.0,13.43,19.54,0.0,0.2241,0.1584,9.833,185.2,0.0
0.2675,2.097,0.03334,712.8,18.1,15.1,117.7,0.153,22.02,31.69,0.2712,0.3105,0.1389,29.91,1030.0,0.05253
0.2249,2.076,0.02369,584.8,15.05,13.87,99.17,0.06845,20.7,24.75,0.1377,0.272,0.1264,23.12,688.6,0.03688
0.3751,6.311,0.108,1006.0,22.39,18.05,150.1,0.2102,16.15,18.91,0.3786,0.9806,0.1478,134.8,1610.0,0.1684
0.2608,1.597,0.03965,324.2,11.28,10.25,71.53,0.09744,16.18,20.61,0.1898,0.3677,0.1402,22.68,390.4,0.06726
0.2646,1.286,0.01939,690.2,15.98,14.97,102.3,0.05754,19.76,25.82,0.0775,0.184,0.1045,16.64,782.1,0.01947
0.4824,2.972,0.08773,840.4,19.38,16.35,129.3,0.2248,23.29,31.03,0.7087,0.4312,0.1415,45.5,1165.0,0.1811
0.2432,0.9219,0.02098,514.3,13.72,12.99,87.38,0.0585,14.23,16.91,0.145,0.1814,0.1142,14.41,576.0,0.03738
0.2345,1.727,0.01737,646.1,15.4,14.4,100.4,0.05563,26.99,31.98,0.1472,0.2315,0.1017,20.52,734.6,0.03476
0.2842,1.921,0.06254,990.0,20.38,18.03,133.3,0.1535,16.85,22.02,0.429,0.2986,0.1263,35.77,1292.0,0.109
0.327,1.116,0.02272,492.9,14.34,12.62,91.62,0.09851,17.15,22.15,0.1887,0.1692,0.1225,13.32,633.5,0.02966
0.2723,1.972,0.05933,761.7,17.5,15.71,114.3,0.1374,13.93,19.25,0.1709,0.3117,0.1223,27.94,922.8,0.07135
0.2112,1.936,0.04105,403.5,12.48,11.51,82.28,0.09653,23.93,37.16,0.363,0.2388,0.1298,16.97,474.2,0.1112
0.3108,4.073,0.07857,300.2,11.02,9.731,71.04,0.1571,15.34,19.49,0.8216,0.8245,0.1292,49.85,380.5,0.4108
0.2309,1.115,0.01171,515.9,13.62,12.89,87.4,0.05366,13.12,15.54,0.1186,0.1532,0.09616,12.68,577.0,0.0226
0.2233,2.329,0.005449,491.9,13.72,12.54,86.82,0.01635,18.07,20.98,0.003581,0.3511,0.09293,28.3,585.7,0.001194
0.3049,1.869,0.03326,446.2,13.56,12.1,88.33,0.06266,17.72,25.8,0.1603,0.2841,0.1432,22.22,559.5,0.04783
0.4154,1.719,0.06367,361.6,13.24,11.08,91.76,0.2524,18.83,32.82,0.8402,0.2114,0.2184,13.99,508.1,0.1689
0.294,3.43,0.02642,346.4,11.88,10.6,78.28,0.07926,18.95,22.94,0.1916,0.4505,0.1213,27.1,424.8,0.06387
0.2982,1.429,0.02292,280.5,10.75,9.606,71.25,0.0812,16.84,23.07,0.4341,0.1844,0.1233,12.07,353.6,0.08422
0.235,1.573,0.01329,585.0,15.34,13.74,97.19,0.06019,17.91,22.46,0.1564,0.25,0.09711,21.47,725.9,0.02881
0.2668,2.308,0.04107,461.0,14.44,12.23,92.15,0.108,19.56,28.36,0.1377,0.3534,0.1429,27.24,638.4,0.04187
0.3233,3.043,0.02739,719.5,17.26,15.13,110.1,0.06575,29.81,36.91,0.1547,0.4681,0.1148,45.38,931.4,0.04686
0.4366,2.039,0.08543,475.9,15.09,12.46,97.65,0.221,24.04,40.68,1.105,0.2976,0.1853,23.94,711.4,0.2273
0.2829,1.457,0.02704,506.3,14.49,12.77,92.04,0.09331,22.47,33.37,0.2177,0.2367,0.1419,19.87,653.6,0.04711
0.2581,1.301,0.01571,358.9,11.94,10.88,80.78,0.07966,15.62,19.35,0.3365,0.1482,0.1332,9.597,433.1,0.05115
0.2443,6.971,0.09667,1157.0,22.03,19.19,146.6,0.1777,15.94,17.81,0.2264,1.0,0.1124,119.3,1495.0,0.1193
0.3062,3.763,0.04603,641.2,16.77,14.34,110.4,0.1087,13.47,16.9,0.1632,0.522,0.1297,48.29,873.2,0.05724
0.3013,2.937,0.0852,731.3,17.11,15.46,117.7,0.2163,23.95,36.33,0.5911,0.3331,0.1732,32.52,909.4,0.203
0.1783,3.163,0.04178,992.1,19.82,17.85,127.1,0.08341,13.23,18.42,0.1048,0.4834,0.09862,50.95,1210.0,0.04445
0.4228,1.885,0.04375,250.5,10.31,9.029,65.5,0.175,17.33,22.65,1.252,0.3274,0.1482,17.67,324.7,0.313
0.544,8.649,0.1604,1245.0,23.37,20.18,170.3,0.2508,23.97,31.72,0.7681,0.9317,0.1639,116.4,1623.0,0.3754
0.2463,5.54,0.1054,963.7,20.47,17.68,132.9,0.1515,20.74,25.11,0.3583,0.8113,0.1418,93.91,1302.0,0.1855
0.2976,1.968,0.01076,380.3,12.36,11.16,79.26,0.04306,21.41,28.92,0.03582,0.2865,0.1282,18.99,458.0,0.008955
0.2642,2.066,0.02443,573.2,15.35,13.62,97.58,0.07174,23.23,29.09,0.1049,0.346,0.1216,31.24,729.8,0.02974
0.3537,4.837,0.08994,1152.0,26.14,19.21,170.1,0.2091,18.57,28.14,0.3879,0.7275,0.1624,102.5,2145.0,0.1323
0.2523,1.237,0.03251,609.1,14.92,14.06,96.42,0.07911,17.18,25.34,0.0846,0.1504,0.1066,12.67,684.5,0.02681
0.2868,7.749,0.08646,1419.0,32.49,20.73,214.0,0.1659,31.12,47.16,0.3442,1.172,0.1401,199.7,3432.0,0.1367
0.2504,2.765,0.04744,998.9,20.92,17.93,135.1,0.1136,24.48,34.69,0.208,0.4212,0.1315,45.81,1320.0,0.05699
0.2818,7.158,0.1144,1207.0,25.05,19.55,178.6,0.1941,28.77,36.27,0.4251,0.8426,0.1281,106.4,1926.0,0.1784
0.2376,1.174,0.005128,268.8,9.965,9.397,66.61,0.02564,21.68,27.99,0.1868,0.1186,0.1086,6.802,301.0,0.03735
0.189,2.105,0.04408,623.9,15.75,14.22,102.5,0.08219,27.85,40.54,0.3064,0.3354,0.1081,29.96,764.0,0.1103
0.2844,5.373,0.08653,645.7,17.67,14.25,119.1,0.1785,22.15,29.51,0.6922,0.7036,0.164,60.78,959.5,0.2135
0.2765,2.355,0.0325,420.3,13.06,11.71,84.16,0.07864,15.45,18.16,0.1087,0.3446,0.146,24.53,516.4,0.04006
0.3323,1.372,0.02031,579.1,14.84,13.69,99.16,0.06987,16.07,20.21,0.1346,0.1705,0.1105,14.0,670.6,0.02556
0.3175,1.344,0.03263,710.6,17.8,15.28,113.8,0.1226,22.41,28.03,0.363,0.2054,0.1301,19.53,973.1,0.05375
0.2554,1.199,0.008535,464.4,13.35,12.3,84.53,0.03983,19.02,28.46,0.03619,0.184,0.1222,13.24,544.3,0.007756
0.2599,1.865,0.04274,441.3,12.98,11.99,84.48,0.1202,24.89,30.36,0.1609,0.2623,0.1311,19.39,513.9,0.05441
0.4089,2.362,0.09429,716.9,17.52,15.22,128.7,0.2356,30.62,42.79,1.17,0.2602,0.1417,22.65,915.0,0.255
0.1999,2.347,0.0339,516.6,13.9,12.89,92.12,0.1017,15.7,19.69,0.3344,0.2913,0.09926,23.29,595.6,0.1115
0.2837,3.094,0.08087,748.9,19.26,15.46,124.9,0.1514,19.48,26.0,0.3791,0.4743,0.1546,48.31,1156.0,0.1466
0.2681,1.356,0.005495,324.9,11.25,10.32,71.12,0.02381,16.35,21.77,0.04384,0.2104,0.1285,12.97,384.9,0.01012
0.2584,1.937,0.01861,398.0,12.78,11.43,82.66,0.06402,17.31,26.76,0.07708,0.2843,0.1413,21.38,503.0,0.02031
0.3058,2.492,0.0,178.8,9.077,7.729,57.17,0.0,25.49,30.92,0.0,0.3777,0.1256,19.14,248.0,0.0
0.2778,1.729,0.04528,800.0,17.71,16.14,115.9,0.1129,14.86,19.58,0.231,0.2387,0.1206,21.83,947.9,0.055
0.4753,1.446,0.0598,642.7,18.33,14.45,117.9,0.1838,20.22,30.12,0.4967,0.2092,0.1552,19.42,1044.0,0.118
0.2758,1.565,0.003333,396.6,12.2,11.33,77.37,0.01111,14.16,18.99,0.004955,0.2375,0.1259,17.09,458.0,0.001487
0.2177,2.304,0.06142,689.4,16.76,15.04,109.7,0.1018,16.74,20.43,0.1856,0.372,0.1135,34.84,856.9,0.07721
0.2179,5.118,0.02864,507.4,13.75,12.77,89.04,0.04773,21.41,23.5,0.05186,0.7311,0.09388,53.65,579.5,0.03112
0.3271,7.128,0.1265,1234.0,24.19,20.2,160.0,0.2152,26.83,33.81,0.3703,0.9761,0.1278,103.6,1671.0,0.1641
0.2691,0.9887,0.02438,320.8,10.83,10.26,71.08,0.08333,16.58,22.04,0.1783,0.1144,0.1461,7.326,357.4,0.04358
0.3679,4.369,0.0609,1092.0,24.54,18.77,161.1,0.2048,21.43,34.37,0.4634,0.6422,0.1498,88.25,1873.0,0.106
0.2691,2.12,0.05532,640.1,15.85,14.44,108.6,0.1599,15.18,19.85,0.3103,0.2406,0.1316,21.2,766.9,0.08487
0.4087,5.772,0.152,1265.0,25.74,20.6,184.6,0.265,29.33,39.42,0.9387,0.726,0.165,86.22,1821.0,0.3514
0.2576,3.33,0.01471,384.6,12.12,11.14,79.62,0.03922,14.07,15.82,0.1201,0.4222,0.08864,28.84,453.5,0.04505
0.2369,4.312,0.05778,1024.0,19.76,18.08,129.1,0.09181,21.84,24.7,0.2535,0.6362,0.08822,76.36,1228.0,0.1103
0.4378,2.406,0.09353,519.8,15.49,13.0,106.2,0.206,21.82,30.73,0.539,0.3063,0.1703,24.32,739.3,0.1859
0.1565,8.077,0.02899,698.8,14.99,14.99,95.54,0.02899,25.2,25.2,0.02398,1.214,0.09387,106.0,698.8,0.02398
0.3306,2.183,0.02278,409.0,12.84,11.52,81.81,0.06316,18.75,22.47,0.09076,0.3249,0.1249,23.47,506.2,0.03036
0.3032,3.008,0.1259,1250.0,22.03,20.18,146.0,0.2173,19.54,25.07,0.5308,0.4331,0.1665,52.49,1479.0,0.2133
0.2295,1.101,0.001852,526.4,14.0,13.01,88.18,0.009259,22.22,29.02,0.007977,0.1731,0.08125,14.34,608.8,0.001595
0.3527,1.535,0.06987,520.0,15.53,13.34,96.66,0.1708,15.86,23.19,0.4858,0.286,0.1536,12.96,614.9,0.1169
0.1712,3.258,0.026,423.6,13.33,11.71,86.16,0.06968,16.67,25.48,0.1046,0.4489,0.1271,34.37,546.7,0.03592
0.245,1.909,0.02076,273.9,10.23,9.504,65.13,0.06227,12.44,15.66,0.08867,0.2773,0.1324,15.7,314.9,0.02956
0.2437,3.767,0.0834,1319.0,24.47,20.51,162.7,0.1563,27.81,37.38,0.4146,0.524,0.1223,70.01,1872.0,0.1554
0.2406,1.678,0.01527,455.3,13.34,12.16,88.83,0.0569,18.03,27.87,0.162,0.2194,0.1208,16.26,547.4,0.02916
0.4245,3.477,0.1242,758.6,17.36,15.75,119.4,0.2135,19.22,24.17,0.6872,0.5204,0.155,51.22,915.3,0.2914
0.2444,1.314,0.02068,537.9,14.35,13.21,91.29,0.06005,25.25,34.23,0.139,0.2084,0.1289,17.58,632.9,0.02772
0.2369,1.596,0.04951,680.9,16.01,14.87,103.9,0.1017,20.21,28.48,0.17,0.2323,0.1216,21.84,783.6,0.06824
0.2394,2.344,0.04835,838.1,18.13,16.5,117.2,0.09123,18.29,25.45,0.1663,0.3389,0.1338,33.58,1009.0,0.05862
0.2965,2.24,0.01404,359.9,12.76,10.8,83.69,0.07485,21.98,32.04,0.1927,0.3077,0.1303,20.2,489.5,0.03614
0.3282,2.608,0.0218,260.9,10.01,9.173,65.59,0.05087,13.86,19.23,0.1397,0.4098,0.09836,23.52,310.1,0.05988
0.2458,0.8439,0.00625,632.6,14.91,14.29,94.44,0.03333,16.82,20.65,0.03866,0.1302,0.08567,10.77,684.6,0.00725
0.311,0.7714,0.02647,468.5,13.61,12.34,87.22,0.107,12.27,19.27,0.1791,0.1166,0.1292,8.955,564.9,0.02958
0.2972,2.873,0.08293,981.6,21.53,17.75,145.4,0.197,28.03,38.54,0.6399,0.3897,0.1401,43.95,1437.0,0.1698
0.279,1.445,0.01364,170.4,8.678,7.691,54.49,0.05,25.44,31.89,0.3393,0.2196,0.1596,11.73,223.6,0.09252
0.2787,1.667,0.04497,408.2,12.64,11.61,81.93,0.1105,16.02,19.67,0.2302,0.2456,0.1415,15.89,475.7,0.07097
0.2738,1.808,0.006588,366.8,12.36,10.9,78.07,0.03953,12.96,18.2,0.01854,0.2818,0.1171,18.54,470.0,0.00309
0.2829,1.597,0.01899,396.5,13.01,11.34,83.99,0.08278,21.26,29.15,0.312,0.2344,0.1699,16.41,518.1,0.05133
0.2482,1.687,0.01654,463.7,13.35,12.3,86.65,0.04815,15.9,19.59,0.1423,0.2382,0.1096,18.32,546.7,0.03844
0.3187,4.675,0.09113,744.7,21.2,15.49,142.1,0.2121,19.97,29.41,0.5553,0.647,0.1681,66.91,1359.0,0.1891
0.2626,2.561,0.04349,658.8,16.76,14.58,108.5,0.09186,13.66,17.24,0.2492,0.4165,0.1223,37.11,862.0,0.08222
0.2859,1.429,0.01786,381.9,11.99,11.15,76.25,0.05506,13.08,16.3,0.07116,0.2251,0.1341,15.48,440.8,0.01982
0.2398,3.399,0.07798,629.9,15.3,14.26,107.0,0.1505,19.65,23.73,0.6783,0.3628,0.08949,29.25,709.0,0.3003
0.2962,2.171,0.04819,687.3,16.25,14.96,109.1,0.1489,19.1,26.19,0.1804,0.2877,0.1313,24.87,809.8,0.0594
0.2871,1.735,0.03384,561.0,15.15,13.49,99.0,0.1282,22.3,31.82,0.2282,0.2338,0.1162,20.2,698.8,0.04751
0.2678,2.099,0.0278,555.1,15.1,13.45,97.59,0.07911,18.3,25.94,0.1381,0.295,0.1339,25.22,699.4,0.03974
0.322,1.046,0.007799,224.5,9.507,8.618,59.9,0.04419,11.79,15.4,0.1168,0.1559,0.1733,8.322,274.9,0.02061
0.3109,2.153,0.109,895.0,19.59,17.05,133.5,0.2543,19.08,24.89,0.5018,0.2959,0.1703,31.98,1189.0,0.191
0.3407,2.257,0.06861,503.2,15.2,12.83,105.3,0.1977,22.33,30.15,0.6282,0.3061,0.1777,25.13,706.0,0.1695
0.3059,3.564,0.00816,361.6,13.03,10.82,83.9,0.03264,24.21,31.45,0.06194,0.5196,0.1204,33.0,505.6,0.01548
0.2027,2.701,0.02648,551.7,16.36,13.27,104.5,0.1001,14.76,22.35,0.135,0.4057,0.1006,36.35,830.6,0.03261
0.2815,1.529,0.002941,390.0,12.76,11.25,82.08,0.01667,14.78,22.06,0.005518,0.2144,0.1166,15.07,492.7,0.0009737
0.2661,1.959,0.01692,457.9,13.75,12.2,91.11,0.05556,15.21,21.38,0.1167,0.2575,0.1256,19.01,583.1,0.01994
0.1909,2.23,0.0,288.1,9.968,9.72,62.25,0.0,18.22,20.83,0.0,0.3539,0.07117,21.69,303.8,0.0
0.1987,1.17,0.02923,523.8,13.3,13.03,84.46,0.05013,18.42,22.81,0.04833,0.1839,0.09701,14.16,545.9,0.02562
0.3075,1.93,0.02179,433.8,13.05,11.89,85.09,0.08263,21.17,27.21,0.1164,0.2747,0.1426,19.53,522.9,0.02555
0.2306,1.657,0.01762,520.2,14.34,13.0,91.06,0.05921,25.13,31.88,0.04462,0.2621,0.1218,21.19,628.5,0.01206
0.2534,2.749,0.03058,618.4,16.45,14.2,112.1,0.1339,20.53,27.26,0.2512,0.3478,0.1153,31.01,828.5,0.05063
0.2623,6.076,0.09934,918.6,20.99,17.06,143.2,0.1827,21.0,33.15,0.392,0.8161,0.1449,87.17,1362.0,0.1508
